{
    "blockName": "DefaultBlock",
    "relativePosition": {
        "x": -1.2039999961853028,
        "y": 1.2100000381469727,
        "z": -3.9489998817443849
    },
    "rotation": {
        "x": 0.0,
        "y": 0.0,
        "z": 0.0,
        "w": 1.0
    },
    "children": []
}