{
    "blockName": "DefaultBlock",
    "relativePosition": {
        "x": -1.2106918096542359,
        "y": 1.2337679862976075,
        "z": -4.042182445526123
    },
    "rotation": {
        "x": 0.18102623522281648,
        "y": -0.12811920046806336,
        "z": -0.011679925955832005,
        "w": 0.9750275015830994
    },
    "children": [
        {
            "blockName": "DefaultBlock",
            "relativePosition": {
                "x": -3.228584546377533e-7,
                "y": -3.72529001424482e-7,
                "z": 0.9999992251396179
            },
            "rotation": {
                "x": 0.0,
                "y": 0.0,
                "z": 1.862645149230957e-9,
                "w": 1.0
            },
            "children": [
                {
                    "blockName": "DefaultBlock",
                    "relativePosition": {
                        "x": 1.2417635275596695e-7,
                        "y": -3.9736431745041048e-7,
                        "z": 1.0
                    },
                    "rotation": {
                        "x": 0.0,
                        "y": 0.0,
                        "z": -2.220445784552517e-16,
                        "w": 1.0
                    },
                    "children": []
                }
            ]
        }
    ]
}