{
    "blockName": "DefaultBlock",
    "relativePosition": {
        "x": -1.1905009746551514,
        "y": 1.4528920650482178,
        "z": -3.821235418319702
    },
    "rotation": {
        "x": 0.14081013202667237,
        "y": -0.7815554141998291,
        "z": -0.363165944814682,
        "w": 0.48729270696640017
    },
    "children": [
        {
            "blockName": "DefaultBlock",
            "relativePosition": {
                "x": -1.0000004768371583,
                "y": -3.973642606069916e-7,
                "z": -9.93410651517479e-8
            },
            "rotation": {
                "x": 0.0,
                "y": 0.0,
                "z": -1.30385160446167e-8,
                "w": 1.0
            },
            "children": [
                {
                    "blockName": "DefaultBlock",
                    "relativePosition": {
                        "x": -0.9999997615814209,
                        "y": 2.719461633660103e-7,
                        "z": -2.4835267709022448e-7
                    },
                    "rotation": {
                        "x": 0.0,
                        "y": 0.0,
                        "z": 2.4214385163645603e-8,
                        "w": 1.0
                    },
                    "children": []
                }
            ]
        },
        {
            "blockName": "DefaultBlock",
            "relativePosition": {
                "x": -3.72529001424482e-7,
                "y": -1.0000001192092896,
                "z": -3.4769374224197238e-7
            },
            "rotation": {
                "x": 0.0,
                "y": 0.0,
                "z": 1.4901161193847657e-8,
                "w": 1.0
            },
            "children": []
        }
    ]
}